symbol,name,industry,market_cap_category,market_cap_cr,current_price,high_52w,low_52w,pe_ratio,pb_ratio,roe_pct,roce_pct,debt_to_equity,profit_margin_pct,dividend_yield_pct,revenue_cr,operating_profit_cr,net_profit_cr,eps,debt_cr,free_cash_flow_cr,description,market_position,growth_factors,major_risks
RELIANCE,Reliance Industries Ltd,Oil & Gas / Telecom / Retail,Large Cap,1985400,2940.50,3024.90,2220.30,27.8,2.4,9.8,11.2,0.38,8.9,0.35,892800,165200,79020,105.4,312000,48500,"Conglomerate engaged in hydrocarbons exploration, refining, petrochemicals, telecommunications (Jio), and retail.","Market leader in Indian telecoms (Jio) and retail; global-scale refining complex in Jamnagar.","Expansion in 5G services, retail store footprint expansion, renewable green hydrogen & solar gigafactories.","Volatile crude refining margins, capital expenditure overhang on green energy transition, regulatory scrutiny."
TCS,Tata Consultancy Services,Information Technology,Large Cap,1420500,3920.00,4254.75,3313.00,29.4,13.8,48.2,59.1,0.02,19.3,1.38,240893,61408,46099,127.2,7800,44200,"Global leader in IT services, consulting, and business solutions with operations across 55 countries.","Second largest IT services provider globally by market cap, pristine AAA balance sheet and industry-best margins.","Adoption of enterprise Generative AI, cloud modernization deal wins, BFSI digital transformation rebound.","Slowdown in US/European discretionary IT spending, wage inflation, client insourcing trends."
HDFCBANK,HDFC Bank Ltd,Banking & Financial Services,Large Cap,1285000,1685.20,1794.00,1363.55,18.6,2.7,16.5,17.8,0.85,21.4,1.15,225400,88500,64000,84.2,2150000,38000,"India's largest private sector bank offering retail, corporate, and wholesale banking and digital loans.","Dominant private sector lender with extensive national branch network and stellar asset quality track record.","Post-merger cross-selling synergies with HDFC Ltd mortgage portfolio, semi-urban & rural branch expansion.","Margin compression due to high cost of deposits, regulatory changes in liquidity coverage ratios, credit slippages."
INFY,Infosys Ltd,Information Technology,Large Cap,685000,1650.00,1780.00,1355.00,26.5,8.9,32.4,41.5,0.05,16.8,2.15,153670,36200,26248,63.1,8200,24800,"Next-generation digital services and consulting firm delivering AI, cloud, and engineering services.","Top-tier global IT firm with strong presence in banking, retail, and manufacturing sectors.","Generative AI suite 'Topaz' monetization, large digital transformation deal momentum, strong shareholder returns.","Delay in client project rollouts, margin pressure from competitive deal pricing, foreign exchange volatility."
TATAMOTORS,Tata Motors Ltd,Automobile,Large Cap,345000,940.80,1065.60,600.50,15.2,4.1,28.6,21.4,0.72,7.2,0.64,437928,58200,31807,82.5,62000,26500,"Multinational automotive company manufacturing passenger cars, commercial vehicles, and luxury SUVs (JLR).","Market leader in Indian commercial vehicles and electric passenger vehicles; global luxury footprint via JLR.","Rapid adoption of electric vehicles (EVs), turnaround in JLR order book for Range Rover & Defender models, debt reduction.","Cyclical demand in commercial vehicles, global supply chain disruptions, rising raw material (steel, battery) costs."
ITC,ITC Ltd,FMCG & Diversified,Large Cap,512000,412.50,499.70,399.30,25.4,7.2,28.8,36.5,0.01,27.5,3.32,76850,26400,20422,16.4,320,17500,"Diversified conglomerate with leadership in cigarettes, FMCG, hotels, paperboards, and agribusiness.","Dominant tobacco market share, rapidly growing non-cigarette FMCG brands (Aashirvaad, Sunfeast, Bingo).","FMCG margin expansion, proposed demerger of hotel business to unlock value, robust free cash flow generation.","Adverse taxation policies on tobacco products, inflationary pressures on agricultural raw materials."
LT,Larsen & Toubro Ltd,Engineering & Construction,Large Cap,495000,3610.00,3919.90,2850.00,37.8,5.4,15.2,18.1,0.92,6.8,0.94,221113,24800,15543,113.1,118000,14200,"Major technology, engineering, construction, manufacturing and financial services conglomerate.","India's premier infrastructure development and EPC contractor with marquee projects in India and Middle East.","Record infrastructure capex in India, Middle East energy & infrastructure expansion, green energy initiatives.","Project execution delays, raw material price escalation, working capital intensity in international contracts."
PIDILITIND,Pidilite Industries,Specialty Chemicals,Mid Cap,148000,2920.00,3220.00,2350.00,75.4,16.2,22.1,28.4,0.03,14.2,0.55,12450,2780,1820,38.7,410,1650,"Pioneer in consumer adhesives, sealants, construction chemicals, and art materials (Fevicol, M-Seal, Dr. Fixit).","Virtually monopolistic consumer recall in wood adhesives and sealants across India.","Expansion in construction chemicals and paints, rural consumption growth, continuous product innovation.","High dependence on vinyl acetate monomer (VAM) raw material prices, real estate construction slowdown."
HAVELLS,Havells India Ltd,Consumer Electricals,Mid Cap,112000,1780.00,1995.00,1280.00,68.2,13.5,18.4,24.2,0.01,7.8,0.51,18590,2040,1273,20.3,180,1420,"Fast moving electrical goods (FMEG) manufacturer producing cables, switchgears, lighting, and Lloyd appliances.","Top-tier domestic brand in consumer wires, cables, switchgears, and consumer appliances.","Real estate revival driving electrical fittings demand, Lloyd AC business turnaround, premiumization trend.","Intense competition in room air conditioning and kitchen appliances, copper price volatility."
KPITTECH,KPIT Technologies Ltd,Software & Automotive,Small Cap,38500,1410.00,1928.00,1050.00,58.6,18.2,31.5,38.2,0.12,12.8,0.38,4870,1020,624,22.8,240,680,"Specialist software integration partner for automotive and mobility leaders building Autonomous, Connected, Electric vehicles.","Niche pure-play automotive software vendor with deep OEM client engagements across Europe and USA.","Software-defined vehicles (SDV) mega-trend, long-term strategic contracts with major automakers.","High client concentration in top 5 auto OEMs, risk of OEM in-house software development initiatives."
